SKU,Nombre,Descripción,Costo producción lote (USD),# Ingredientes,Duración esperada (hrs),Equivalencia unidades bodega,Unidad,Lote producción,Tiempo esperado producción (mins),Grupos Productores,Total Grupos Productores,Producción
CLJETA1,Galón de Combustible JET-A1 (ubicado en Chile),Combustible exclusivamente para uso aeronáutico para aviones a turbinas. Este producto es además el combustible para turbinas más usado en el mundo,21.0,-,5,1,-,4,4,"['13', '14', '15', '16', '17', '18', '19']",7,materia prima
USJETA1,Galón de Combustible JET-A1 (ubicado en United States),Combustible exclusivamente para uso aeronáutico para aviones a turbinas. Este producto es además el combustible para turbinas más usado en el mundo,42.0,-,5,1,-,8,4,"['2', '4', '6', '8', '10', '12']",6,materia prima
FRJETA1,Galón de Combustible JET-A1 (ubicado en France),Combustible exclusivamente para uso aeronáutico para aviones a turbinas. Este producto es además el combustible para turbinas más usado en el mundo,21.0,-,5,1,-,4,4,"['1', '3', '5', '7', '9', '11']",6,materia prima
AUJETA1,Galón de Combustible JET-A1 (ubicado en Australia),Combustible exclusivamente para uso aeronáutico para aviones a turbinas. Este producto es además el combustible para turbinas más usado en el mundo,21.0,-,5,1,-,4,4,"['13', '14', '15', '16', '17', '18', '19']",7,materia prima
CHJETA1,Galón de Combustible JET-A1 (ubicado en China),Combustible exclusivamente para uso aeronáutico para aviones a turbinas. Este producto es además el combustible para turbinas más usado en el mundo,31.5,-,5,1,-,6,4,"['1', '3', '5', '7', '9', '11']",6,materia prima
MRJETA1,Galón de Combustible JET-A1 (ubicado en Morocco),Combustible exclusivamente para uso aeronáutico para aviones a turbinas. Este producto es además el combustible para turbinas más usado en el mundo,31.5,-,5,1,-,6,4,"['2', '4', '6', '8', '10', '12']",6,materia prima
CLCREW,Personal de vuelo (ubicado en Chile),Miembro de la tripulación que tiene como misión principal la vigilancia de la seguridad del vuelo y la comodidad de los pasajeros,24.5,-,10,1,-,14,5,"['13', '14', '15', '16', '17', '18', '19']",7,materia prima
USCREW,Personal de vuelo (ubicado en United States),Miembro de la tripulación que tiene como misión principal la vigilancia de la seguridad del vuelo y la comodidad de los pasajeros,21.0,-,10,1,-,12,5,"['2', '4', '6', '8', '10', '12']",6,materia prima
FRCREW,Personal de vuelo (ubicado en France),Miembro de la tripulación que tiene como misión principal la vigilancia de la seguridad del vuelo y la comodidad de los pasajeros,21.0,-,10,1,-,12,5,"['1', '3', '5', '7', '9', '11']",6,materia prima
AUCREW,Personal de vuelo (ubicado en Australia),Miembro de la tripulación que tiene como misión principal la vigilancia de la seguridad del vuelo y la comodidad de los pasajeros,24.5,-,10,1,-,14,5,"['13', '14', '15', '16', '17', '18', '19']",7,materia prima
CHCREW,Personal de vuelo (ubicado en China),Miembro de la tripulación que tiene como misión principal la vigilancia de la seguridad del vuelo y la comodidad de los pasajeros,21.0,-,10,1,-,12,5,"['1', '3', '5', '7', '9', '11']",6,materia prima
MRCREW,Personal de vuelo (ubicado en Morocco),Miembro de la tripulación que tiene como misión principal la vigilancia de la seguridad del vuelo y la comodidad de los pasajeros,21.0,-,10,1,-,12,5,"['2', '4', '6', '8', '10', '12']",6,materia prima
CLBOE737,Boeing 737 (ubicado en Chile),El Boeing 737 es el de menor rango operativo. Oscila de 2000 a 4000 kilómetros de distancia. Posee un doble pasillo central de carga. Esta clase de avión transporta carga suelta de hasta dos toneladas. Suele ser usado para vuelos de corta distancia.,420,-,20,1,-,1,15,"['13', '14', '15', '16', '17', '18', '19']",7,materia prima
CLAB320,Airbus 320 (ubicado en Chile),el Airbus 320 es una aeronave mixta que transporta mercancía en su bodega. Su rango operativo va desde los 4000 a los 6000 km.,630,-,20,1,-,1,15,"['13', '14', '15', '16', '17', '18', '19']",7,materia prima
CLAB330,Airbus 330 (ubicado en Chile),el Airbus 330 es una aeronave mixta que transporta mercancía en su bodega. Su rango operativo va desde los 6000 a los 9000 km.,840,-,20,1,-,1,15,"['13', '14', '15', '16', '17', '18', '19']",7,materia prima
CLAB340,Airbus 340  (ubicado en Chile),El Airbus 340 es un avión de pasajeros cuya bodega es usada para el transporte de mercancía. Posee cuatro turbinas y un rango de desplazamiento de 9000 a 11000 kilómetros de distancia.,1050,-,20,1,-,1,15,"['13', '14', '15', '16', '17', '18', '19']",7,materia prima
CLBOE747,Boeing 747 (ubicado en Chile),El Boeing 747 estándar es uno de los aviones mixtos de mayor rango operativo. siendo éste de 13.300 kilómetros para el modelo 400. Posee bahías de carga para pallets en la parte delantera y posterior.,1260,-,20,1,-,1,15,"['13', '14', '15', '16', '17', '18', '19']",7,materia prima
CLNOV,Novato (ubicado en Chile),Piloto con menos de 30 horas de vuelo,73,-,20,1,-,2,10,"['13', '14', '15', '16', '17', '18', '19']",7,materia prima
CLINT,Intermedio (ubicado en Chile),Piloto con más de 50 horas de vuelo,98,-,20,1,-,2,10,"['13', '14', '15', '16', '17', '18', '19']",7,materia prima
CLEXP,Experto (ubicado en Chile),Piloto con más de 80 horas de vuelo,122,-,20,1,-,2,10,"['13', '14', '15', '16', '17', '18', '19']",7,materia prima
CLOFC,Oficial (ubicado en Chile),Piloto con más de 100 horas de vuelo,147,-,20,1,-,2,10,"['13', '14', '15', '16', '17', '18', '19']",7,materia prima
CLCPT,Capitán (ubicado en Chile),Piloto con más de 200 horas de vuelo,171,-,20,1,-,2,10,"['13', '14', '15', '16', '17', '18', '19']",7,materia prima
CLCMD,Comandante (ubicado en Chile),Piloto con más de 500 horas de vuelo,196,-,20,1,-,2,10,"['13', '14', '15', '16', '17', '18', '19']",7,materia prima
USBOE737,Boeing 737 (ubicado en United States),El Boeing 737 es el de menor rango operativo. Oscila de 2000 a 4000 kilómetros de distancia. Posee un doble pasillo central de carga. Esta clase de avión transporta carga suelta de hasta dos toneladas. Suele ser usado para vuelos de corta distancia.,840,-,20,1,-,1,15,"['2', '4', '6', '8', '10', '12']",6,materia prima
USAB320,Airbus 320 (ubicado en United States),el Airbus 320 es una aeronave mixta que transporta mercancía en su bodega. Su rango operativo va desde los 4000 a los 6000 km.,1260,-,20,1,-,1,15,"['2', '4', '6', '8', '10', '12']",6,materia prima
USAB330,Airbus 330 (ubicado en United States),el Airbus 330 es una aeronave mixta que transporta mercancía en su bodega. Su rango operativo va desde los 6000 a los 9000 km.,1680,-,20,1,-,1,15,"['2', '4', '6', '8', '10', '12']",6,materia prima
USAB340,Airbus 340  (ubicado en United States),El Airbus 340 es un avión de pasajeros cuya bodega es usada para el transporte de mercancía. Posee cuatro turbinas y un rango de desplazamiento de 9000 a 11000 kilómetros de distancia.,2100,-,20,1,-,1,15,"['2', '4', '6', '8', '10', '12']",6,materia prima
USBOE747,Boeing 747 (ubicado en United States),El Boeing 747 estándar es uno de los aviones mixtos de mayor rango operativo. siendo éste de 13.300 kilómetros para el modelo 400. Posee bahías de carga para pallets en la parte delantera y posterior.,2520,-,20,1,-,1,15,"['2', '4', '6', '8', '10', '12']",6,materia prima
USNOV,Novato (ubicado en United States),Piloto con menos de 30 horas de vuelo,63,-,20,1,-,2,10,"['2', '4', '6', '8', '10', '12']",6,materia prima
USINT,Intermedio (ubicado en United States),Piloto con más de 50 horas de vuelo,84,-,20,1,-,2,10,"['2', '4', '6', '8', '10', '12']",6,materia prima
USEXP,Experto (ubicado en United States),Piloto con más de 80 horas de vuelo,105,-,20,1,-,2,10,"['2', '4', '6', '8', '10', '12']",6,materia prima
USOFC,Oficial (ubicado en United States),Piloto con más de 100 horas de vuelo,126,-,20,1,-,2,10,"['2', '4', '6', '8', '10', '12']",6,materia prima
USCPT,Capitán (ubicado en United States),Piloto con más de 200 horas de vuelo,147,-,20,1,-,2,10,"['2', '4', '6', '8', '10', '12']",6,materia prima
USCMD,Comandante (ubicado en United States),Piloto con más de 500 horas de vuelo,168,-,20,1,-,2,10,"['2', '4', '6', '8', '10', '12']",6,materia prima
FRBOE737,Boeing 737 (ubicado en France),El Boeing 737 es el de menor rango operativo. Oscila de 2000 a 4000 kilómetros de distancia. Posee un doble pasillo central de carga. Esta clase de avión transporta carga suelta de hasta dos toneladas. Suele ser usado para vuelos de corta distancia.,420,-,20,1,-,1,15,"['1', '3', '5', '7', '9', '11']",6,materia prima
FRAB320,Airbus 320 (ubicado en France),el Airbus 320 es una aeronave mixta que transporta mercancía en su bodega. Su rango operativo va desde los 4000 a los 6000 km.,630,-,20,1,-,1,15,"['1', '3', '5', '7', '9', '11']",6,materia prima
FRAB330,Airbus 330 (ubicado en France),el Airbus 330 es una aeronave mixta que transporta mercancía en su bodega. Su rango operativo va desde los 6000 a los 9000 km.,840,-,20,1,-,1,15,"['1', '3', '5', '7', '9', '11']",6,materia prima
FRAB340,Airbus 340  (ubicado en France),El Airbus 340 es un avión de pasajeros cuya bodega es usada para el transporte de mercancía. Posee cuatro turbinas y un rango de desplazamiento de 9000 a 11000 kilómetros de distancia.,1050,-,20,1,-,1,15,"['1', '3', '5', '7', '9', '11']",6,materia prima
FRBOE747,Boeing 747 (ubicado en France),El Boeing 747 estándar es uno de los aviones mixtos de mayor rango operativo. siendo éste de 13.300 kilómetros para el modelo 400. Posee bahías de carga para pallets en la parte delantera y posterior.,1260,-,20,1,-,1,15,"['1', '3', '5', '7', '9', '11']",6,materia prima
FRNOV,Novato (ubicado en France),Piloto con menos de 30 horas de vuelo,63,-,20,1,-,2,10,"['1', '3', '5', '7', '9', '11']",6,materia prima
FRINT,Intermedio (ubicado en France),Piloto con más de 50 horas de vuelo,84,-,20,1,-,2,10,"['1', '3', '5', '7', '9', '11']",6,materia prima
FREXP,Experto (ubicado en France),Piloto con más de 80 horas de vuelo,105,-,20,1,-,2,10,"['1', '3', '5', '7', '9', '11']",6,materia prima
FROFC,Oficial (ubicado en France),Piloto con más de 100 horas de vuelo,126,-,20,1,-,2,10,"['1', '3', '5', '7', '9', '11']",6,materia prima
FRCPT,Capitán (ubicado en France),Piloto con más de 200 horas de vuelo,147,-,20,1,-,2,10,"['1', '3', '5', '7', '9', '11']",6,materia prima
FRCMD,Comandante (ubicado en France),Piloto con más de 500 horas de vuelo,168,-,20,1,-,2,10,"['1', '3', '5', '7', '9', '11']",6,materia prima
AUBOE737,Boeing 737 (ubicado en Australia),El Boeing 737 es el de menor rango operativo. Oscila de 2000 a 4000 kilómetros de distancia. Posee un doble pasillo central de carga. Esta clase de avión transporta carga suelta de hasta dos toneladas. Suele ser usado para vuelos de corta distancia.,420,-,20,1,-,1,15,"['13', '14', '15', '16', '17', '18', '19']",7,materia prima
AUAB320,Airbus 320 (ubicado en Australia),el Airbus 320 es una aeronave mixta que transporta mercancía en su bodega. Su rango operativo va desde los 4000 a los 6000 km.,630,-,20,1,-,1,15,"['13', '14', '15', '16', '17', '18', '19']",7,materia prima
AUAB330,Airbus 330 (ubicado en Australia),el Airbus 330 es una aeronave mixta que transporta mercancía en su bodega. Su rango operativo va desde los 6000 a los 9000 km.,840,-,20,1,-,1,15,"['13', '14', '15', '16', '17', '18', '19']",7,materia prima
AUAB340,Airbus 340  (ubicado en Australia),El Airbus 340 es un avión de pasajeros cuya bodega es usada para el transporte de mercancía. Posee cuatro turbinas y un rango de desplazamiento de 9000 a 11000 kilómetros de distancia.,1050,-,20,1,-,1,15,"['13', '14', '15', '16', '17', '18', '19']",7,materia prima
AUBOE747,Boeing 747 (ubicado en Australia),El Boeing 747 estándar es uno de los aviones mixtos de mayor rango operativo. siendo éste de 13.300 kilómetros para el modelo 400. Posee bahías de carga para pallets en la parte delantera y posterior.,1260,-,20,1,-,1,15,"['13', '14', '15', '16', '17', '18', '19']",7,materia prima
AUNOV,Novato (ubicado en Australia),Piloto con menos de 30 horas de vuelo,73,-,20,1,-,2,10,"['13', '14', '15', '16', '17', '18', '19']",7,materia prima
AUINT,Intermedio (ubicado en Australia),Piloto con más de 50 horas de vuelo,98,-,20,1,-,2,10,"['13', '14', '15', '16', '17', '18', '19']",7,materia prima
AUEXP,Experto (ubicado en Australia),Piloto con más de 80 horas de vuelo,122,-,20,1,-,2,10,"['13', '14', '15', '16', '17', '18', '19']",7,materia prima
AUOFC,Oficial (ubicado en Australia),Piloto con más de 100 horas de vuelo,147,-,20,1,-,2,10,"['13', '14', '15', '16', '17', '18', '19']",7,materia prima
AUCPT,Capitán (ubicado en Australia),Piloto con más de 200 horas de vuelo,171,-,20,1,-,2,10,"['13', '14', '15', '16', '17', '18', '19']",7,materia prima
AUCMD,Comandante (ubicado en Australia),Piloto con más de 500 horas de vuelo,196,-,20,1,-,2,10,"['13', '14', '15', '16', '17', '18', '19']",7,materia prima
CHBOE737,Boeing 737 (ubicado en China),El Boeing 737 es el de menor rango operativo. Oscila de 2000 a 4000 kilómetros de distancia. Posee un doble pasillo central de carga. Esta clase de avión transporta carga suelta de hasta dos toneladas. Suele ser usado para vuelos de corta distancia.,630,-,20,1,-,1,15,"['1', '3', '5', '7', '9', '11']",6,materia prima
CHAB320,Airbus 320 (ubicado en China),el Airbus 320 es una aeronave mixta que transporta mercancía en su bodega. Su rango operativo va desde los 4000 a los 6000 km.,945,-,20,1,-,1,15,"['1', '3', '5', '7', '9', '11']",6,materia prima
CHAB330,Airbus 330 (ubicado en China),el Airbus 330 es una aeronave mixta que transporta mercancía en su bodega. Su rango operativo va desde los 6000 a los 9000 km.,1260,-,20,1,-,1,15,"['1', '3', '5', '7', '9', '11']",6,materia prima
CHAB340,Airbus 340  (ubicado en China),El Airbus 340 es un avión de pasajeros cuya bodega es usada para el transporte de mercancía. Posee cuatro turbinas y un rango de desplazamiento de 9000 a 11000 kilómetros de distancia.,1575,-,20,1,-,1,15,"['1', '3', '5', '7', '9', '11']",6,materia prima
CHBOE747,Boeing 747 (ubicado en China),El Boeing 747 estándar es uno de los aviones mixtos de mayor rango operativo. siendo éste de 13.300 kilómetros para el modelo 400. Posee bahías de carga para pallets en la parte delantera y posterior.,1890,-,20,1,-,1,15,"['1', '3', '5', '7', '9', '11']",6,materia prima
CHNOV,Novato (ubicado en China),Piloto con menos de 30 horas de vuelo,63,-,20,1,-,2,10,"['1', '3', '5', '7', '9', '11']",6,materia prima
CHINT,Intermedio (ubicado en China),Piloto con más de 50 horas de vuelo,84,-,20,1,-,2,10,"['1', '3', '5', '7', '9', '11']",6,materia prima
CHEXP,Experto (ubicado en China),Piloto con más de 80 horas de vuelo,105,-,20,1,-,2,10,"['1', '3', '5', '7', '9', '11']",6,materia prima
CHOFC,Oficial (ubicado en China),Piloto con más de 100 horas de vuelo,126,-,20,1,-,2,10,"['1', '3', '5', '7', '9', '11']",6,materia prima
CHCPT,Capitán (ubicado en China),Piloto con más de 200 horas de vuelo,147,-,20,1,-,2,10,"['1', '3', '5', '7', '9', '11']",6,materia prima
CHCMD,Comandante (ubicado en China),Piloto con más de 500 horas de vuelo,168,-,20,1,-,2,10,"['1', '3', '5', '7', '9', '11']",6,materia prima
MRBOE737,Boeing 737 (ubicado en Morocco),El Boeing 737 es el de menor rango operativo. Oscila de 2000 a 4000 kilómetros de distancia. Posee un doble pasillo central de carga. Esta clase de avión transporta carga suelta de hasta dos toneladas. Suele ser usado para vuelos de corta distancia.,630,-,20,1,-,1,15,"['2', '4', '6', '8', '10', '12']",6,materia prima
MRAB320,Airbus 320 (ubicado en Morocco),el Airbus 320 es una aeronave mixta que transporta mercancía en su bodega. Su rango operativo va desde los 4000 a los 6000 km.,945,-,20,1,-,1,15,"['2', '4', '6', '8', '10', '12']",6,materia prima
MRAB330,Airbus 330 (ubicado en Morocco),el Airbus 330 es una aeronave mixta que transporta mercancía en su bodega. Su rango operativo va desde los 6000 a los 9000 km.,1260,-,20,1,-,1,15,"['2', '4', '6', '8', '10', '12']",6,materia prima
MRAB340,Airbus 340  (ubicado en Morocco),El Airbus 340 es un avión de pasajeros cuya bodega es usada para el transporte de mercancía. Posee cuatro turbinas y un rango de desplazamiento de 9000 a 11000 kilómetros de distancia.,1575,-,20,1,-,1,15,"['2', '4', '6', '8', '10', '12']",6,materia prima
MRBOE747,Boeing 747 (ubicado en Morocco),El Boeing 747 estándar es uno de los aviones mixtos de mayor rango operativo. siendo éste de 13.300 kilómetros para el modelo 400. Posee bahías de carga para pallets en la parte delantera y posterior.,1890,-,20,1,-,1,15,"['2', '4', '6', '8', '10', '12']",6,materia prima
MRNOV,Novato (ubicado en Morocco),Piloto con menos de 30 horas de vuelo,63,-,20,1,-,2,10,"['2', '4', '6', '8', '10', '12']",6,materia prima
MRINT,Intermedio (ubicado en Morocco),Piloto con más de 50 horas de vuelo,84,-,20,1,-,2,10,"['2', '4', '6', '8', '10', '12']",6,materia prima
MREXP,Experto (ubicado en Morocco),Piloto con más de 80 horas de vuelo,105,-,20,1,-,2,10,"['2', '4', '6', '8', '10', '12']",6,materia prima
MROFC,Oficial (ubicado en Morocco),Piloto con más de 100 horas de vuelo,126,-,20,1,-,2,10,"['2', '4', '6', '8', '10', '12']",6,materia prima
MRCPT,Capitán (ubicado en Morocco),Piloto con más de 200 horas de vuelo,147,-,20,1,-,2,10,"['2', '4', '6', '8', '10', '12']",6,materia prima
MRCMD,Comandante (ubicado en Morocco),Piloto con más de 500 horas de vuelo,168,-,20,1,-,2,10,"['2', '4', '6', '8', '10', '12']",6,materia prima
SCLIAD,Reserva vuelo SCLIAD,Reserva de vuelo entre Comodoro Arturo Merino Benitez International Airport y Washington-Dulles International Airport,723,4,12,1,-,1,7,"['2', '4', '6', '8', '10', '12']",6,producto intermedio
IADCDG,Reserva vuelo IADCDG,Reserva de vuelo entre Washington-Dulles International Airport y Charles De Gaulle International Airport,559,4,16,1,-,1,5,"['1', '3', '5', '7', '9', '11']",6,producto intermedio
IADMEL,Reserva vuelo IADMEL,Reserva de vuelo entre Washington-Dulles International Airport y Melbourne International Airport,1471,4,6,1,-,1,14,"['13', '14', '15', '16', '17', '18', '19']",7,producto intermedio
IADPEK,Reserva vuelo IADPEK,Reserva de vuelo entre Washington-Dulles International Airport y Pekin International Airport,1002,4,8,1,-,1,10,"['1', '3', '5', '7', '9', '11']",6,producto intermedio
IADFEZ,Reserva vuelo IADFEZ,Reserva de vuelo entre Washington-Dulles International Airport y Fez-Saïss Airport,571,4,15,1,-,1,5,"['2', '4', '6', '8', '10', '12']",6,producto intermedio
SCLCDG,Reserva vuelo SCLCDG,Reserva de vuelo entre Comodoro Arturo Merino Benitez International Airport y Charles De Gaulle International Airport,1048,4,8,1,-,1,10,"['1', '3', '5', '7', '9', '11']",6,producto intermedio
CDGIAD,Reserva vuelo CDGIAD,Reserva de vuelo entre Charles De Gaulle International Airport y Washington-Dulles International Airport,559,4,16,1,-,1,5,"['2', '4', '6', '8', '10', '12']",6,producto intermedio
CDGMEL,Reserva vuelo CDGMEL,Reserva de vuelo entre Charles De Gaulle International Airport y Melbourne International Airport,1507,4,5,1,-,1,15,"['13', '14', '15', '16', '17', '18', '19']",7,producto intermedio
CDGPEK,Reserva vuelo CDGPEK,Reserva de vuelo entre Charles De Gaulle International Airport y Pekin International Airport,739,4,12,1,-,1,7,"['1', '3', '5', '7', '9', '11']",6,producto intermedio
CDGFEZ,Reserva vuelo CDGFEZ,Reserva de vuelo entre Charles De Gaulle International Airport y Fez-Saïss Airport,160,4,55,1,-,1,1,"['2', '4', '6', '8', '10', '12']",6,producto intermedio
SCLMEL,Reserva vuelo SCLMEL,Reserva de vuelo entre Comodoro Arturo Merino Benitez International Airport y Melbourne International Airport,1018,4,8,1,-,1,10,"['13', '14', '15', '16', '17', '18', '19']",7,producto intermedio
MELIAD,Reserva vuelo MELIAD,Reserva de vuelo entre Melbourne International Airport y Washington-Dulles International Airport,1471,4,6,1,-,1,14,"['2', '4', '6', '8', '10', '12']",6,producto intermedio
MELCDG,Reserva vuelo MELCDG,Reserva de vuelo entre Melbourne International Airport y Charles De Gaulle International Airport,1507,4,5,1,-,1,15,"['1', '3', '5', '7', '9', '11']",6,producto intermedio
MELPEK,Reserva vuelo MELPEK,Reserva de vuelo entre Melbourne International Airport y Pekin International Airport,817,4,11,1,-,1,8,"['1', '3', '5', '7', '9', '11']",6,producto intermedio
MELFEZ,Reserva vuelo MELFEZ,Reserva de vuelo entre Melbourne International Airport y Fez-Saïss Airport,1555,4,5,1,-,1,15,"['2', '4', '6', '8', '10', '12']",6,producto intermedio
SCLPEK,Reserva vuelo SCLPEK,Reserva de vuelo entre Comodoro Arturo Merino Benitez International Airport y Pekin International Airport,1711,4,5,1,-,1,17,"['1', '3', '5', '7', '9', '11']",6,producto intermedio
PEKIAD,Reserva vuelo PEKIAD,Reserva de vuelo entre Pekin International Airport y Washington-Dulles International Airport,1002,4,8,1,-,1,10,"['2', '4', '6', '8', '10', '12']",6,producto intermedio
PEKCDG,Reserva vuelo PEKCDG,Reserva de vuelo entre Pekin International Airport y Charles De Gaulle International Airport,739,4,12,1,-,1,7,"['1', '3', '5', '7', '9', '11']",6,producto intermedio
PEKMEL,Reserva vuelo PEKMEL,Reserva de vuelo entre Pekin International Airport y Melbourne International Airport,817,4,11,1,-,1,8,"['13', '14', '15', '16', '17', '18', '19']",7,producto intermedio
PEKFEZ,Reserva vuelo PEKFEZ,Reserva de vuelo entre Pekin International Airport y Fez-Saïss Airport,887,4,10,1,-,1,8,"['2', '4', '6', '8', '10', '12']",6,producto intermedio
SCLFEZ,Reserva vuelo SCLFEZ,Reserva de vuelo entre Comodoro Arturo Merino Benitez International Airport y Fez-Saïss Airport,912,4,9,1,-,1,9,"['2', '4', '6', '8', '10', '12']",6,producto intermedio
FEZIAD,Reserva vuelo FEZIAD,Reserva de vuelo entre Fez-Saïss Airport y Washington-Dulles International Airport,571,4,15,1,-,1,5,"['2', '4', '6', '8', '10', '12']",6,producto intermedio
FEZCDG,Reserva vuelo FEZCDG,Reserva de vuelo entre Fez-Saïss Airport y Charles De Gaulle International Airport,160,4,55,1,-,1,1,"['1', '3', '5', '7', '9', '11']",6,producto intermedio
FEZMEL,Reserva vuelo FEZMEL,Reserva de vuelo entre Fez-Saïss Airport y Melbourne International Airport,1555,4,5,1,-,1,15,"['13', '14', '15', '16', '17', '18', '19']",7,producto intermedio
FEZPEK,Reserva vuelo FEZPEK,Reserva de vuelo entre Fez-Saïss Airport y Pekin International Airport,887,4,10,1,-,1,8,"['1', '3', '5', '7', '9', '11']",6,producto intermedio
IADSCL,Reserva vuelo IADSCL,Reserva de vuelo entre Washington-Dulles International Airport y Comodoro Arturo Merino Benitez International Airport,723,4,12,1,-,1,7,"['13', '14', '15', '16', '17', '18', '19']",7,producto intermedio
CDGSCL,Reserva vuelo CDGSCL,Reserva de vuelo entre Charles De Gaulle International Airport y Comodoro Arturo Merino Benitez International Airport,1048,4,8,1,-,1,10,"['13', '14', '15', '16', '17', '18', '19']",7,producto intermedio
MELSCL,Reserva vuelo MELSCL,Reserva de vuelo entre Melbourne International Airport y Comodoro Arturo Merino Benitez International Airport,1018,4,8,1,-,1,10,"['13', '14', '15', '16', '17', '18', '19']",7,producto intermedio
PEKSCL,Reserva vuelo PEKSCL,Reserva de vuelo entre Pekin International Airport y Comodoro Arturo Merino Benitez International Airport,1711,4,5,1,-,1,17,"['13', '14', '15', '16', '17', '18', '19']",7,producto intermedio
FEZSCL,Reserva vuelo FEZSCL,Reserva de vuelo entre Fez-Saïss Airport y Comodoro Arturo Merino Benitez International Airport,912,4,9,1,-,1,9,"['13', '14', '15', '16', '17', '18', '19']",7,producto intermedio
SCLIADCDG,Reserva vuelo con escala SCLIADCDG,Reserva de vuelo entre SCL y CDG con escala en IAD. Requiere un vuelo SCLIAD y un vuelo IADCDG,1282,2,28,1,-,1,12,"['2', '4', '6', '8', '10', '12', '1', '3', '5', '7', '9', '11']",12,producto final
SCLIADMEL,Reserva vuelo con escala SCLIADMEL,Reserva de vuelo entre SCL y MEL con escala en IAD. Requiere un vuelo SCLIAD y un vuelo IADMEL,2194,2,18,1,-,1,21,"['2', '4', '6', '8', '10', '12', '13', '14', '15', '16', '17', '18', '19']",13,producto final
SCLIADPEK,Reserva vuelo con escala SCLIADPEK,Reserva de vuelo entre SCL y PEK con escala en IAD. Requiere un vuelo SCLIAD y un vuelo IADPEK,1725,2,20,1,-,1,17,"['2', '4', '6', '8', '10', '12', '1', '3', '5', '7', '9', '11']",12,producto final
SCLIADFEZ,Reserva vuelo con escala SCLIADFEZ,Reserva de vuelo entre SCL y FEZ con escala en IAD. Requiere un vuelo SCLIAD y un vuelo IADFEZ,1294,2,27,1,-,1,12,"['2', '4', '6', '8', '10', '12', '2', '4', '6', '8', '10', '12']",12,producto final
SCLCDGIAD,Reserva vuelo con escala SCLCDGIAD,Reserva de vuelo entre SCL y IAD con escala en CDG. Requiere un vuelo SCLCDG y un vuelo CDGIAD,1607,2,24,1,-,1,15,"['1', '3', '5', '7', '9', '11', '2', '4', '6', '8', '10', '12']",12,producto final
SCLCDGMEL,Reserva vuelo con escala SCLCDGMEL,Reserva de vuelo entre SCL y MEL con escala en CDG. Requiere un vuelo SCLCDG y un vuelo CDGMEL,2555,2,13,1,-,1,25,"['1', '3', '5', '7', '9', '11', '13', '14', '15', '16', '17', '18', '19']",13,producto final
SCLCDGPEK,Reserva vuelo con escala SCLCDGPEK,Reserva de vuelo entre SCL y PEK con escala en CDG. Requiere un vuelo SCLCDG y un vuelo CDGPEK,1787,2,20,1,-,1,17,"['1', '3', '5', '7', '9', '11', '1', '3', '5', '7', '9', '11']",12,producto final
SCLCDGFEZ,Reserva vuelo con escala SCLCDGFEZ,Reserva de vuelo entre SCL y FEZ con escala en CDG. Requiere un vuelo SCLCDG y un vuelo CDGFEZ,1208,2,63,1,-,1,11,"['1', '3', '5', '7', '9', '11', '2', '4', '6', '8', '10', '12']",12,producto final
SCLMELIAD,Reserva vuelo con escala SCLMELIAD,Reserva de vuelo entre SCL y IAD con escala en MEL. Requiere un vuelo SCLMEL y un vuelo MELIAD,2489,2,14,1,-,1,24,"['13', '14', '15', '16', '17', '18', '19', '2', '4', '6', '8', '10', '12']",13,producto final
SCLMELCDG,Reserva vuelo con escala SCLMELCDG,Reserva de vuelo entre SCL y CDG con escala en MEL. Requiere un vuelo SCLMEL y un vuelo MELCDG,2525,2,13,1,-,1,25,"['13', '14', '15', '16', '17', '18', '19', '1', '3', '5', '7', '9', '11']",13,producto final
SCLMELPEK,Reserva vuelo con escala SCLMELPEK,Reserva de vuelo entre SCL y PEK con escala en MEL. Requiere un vuelo SCLMEL y un vuelo MELPEK,1835,2,19,1,-,1,18,"['13', '14', '15', '16', '17', '18', '19', '1', '3', '5', '7', '9', '11']",13,producto final
SCLMELFEZ,Reserva vuelo con escala SCLMELFEZ,Reserva de vuelo entre SCL y FEZ con escala en MEL. Requiere un vuelo SCLMEL y un vuelo MELFEZ,2573,2,13,1,-,1,25,"['13', '14', '15', '16', '17', '18', '19', '2', '4', '6', '8', '10', '12']",13,producto final
SCLPEKIAD,Reserva vuelo con escala SCLPEKIAD,Reserva de vuelo entre SCL y IAD con escala en PEK. Requiere un vuelo SCLPEK y un vuelo PEKIAD,2713,2,13,1,-,1,27,"['1', '3', '5', '7', '9', '11', '2', '4', '6', '8', '10', '12']",12,producto final
SCLPEKCDG,Reserva vuelo con escala SCLPEKCDG,Reserva de vuelo entre SCL y CDG con escala en PEK. Requiere un vuelo SCLPEK y un vuelo PEKCDG,2450,2,17,1,-,1,24,"['1', '3', '5', '7', '9', '11', '1', '3', '5', '7', '9', '11']",12,producto final
SCLPEKMEL,Reserva vuelo con escala SCLPEKMEL,Reserva de vuelo entre SCL y MEL con escala en PEK. Requiere un vuelo SCLPEK y un vuelo PEKMEL,2528,2,16,1,-,1,25,"['1', '3', '5', '7', '9', '11', '13', '14', '15', '16', '17', '18', '19']",13,producto final
SCLPEKFEZ,Reserva vuelo con escala SCLPEKFEZ,Reserva de vuelo entre SCL y FEZ con escala en PEK. Requiere un vuelo SCLPEK y un vuelo PEKFEZ,2598,2,15,1,-,1,25,"['1', '3', '5', '7', '9', '11', '2', '4', '6', '8', '10', '12']",12,producto final
SCLFEZIAD,Reserva vuelo con escala SCLFEZIAD,Reserva de vuelo entre SCL y IAD con escala en FEZ. Requiere un vuelo SCLFEZ y un vuelo FEZIAD,1483,2,24,1,-,1,14,"['2', '4', '6', '8', '10', '12', '2', '4', '6', '8', '10', '12']",12,producto final
SCLFEZCDG,Reserva vuelo con escala SCLFEZCDG,Reserva de vuelo entre SCL y CDG con escala en FEZ. Requiere un vuelo SCLFEZ y un vuelo FEZCDG,1072,2,64,1,-,1,10,"['2', '4', '6', '8', '10', '12', '1', '3', '5', '7', '9', '11']",12,producto final
SCLFEZMEL,Reserva vuelo con escala SCLFEZMEL,Reserva de vuelo entre SCL y MEL con escala en FEZ. Requiere un vuelo SCLFEZ y un vuelo FEZMEL,2467,2,14,1,-,1,24,"['2', '4', '6', '8', '10', '12', '13', '14', '15', '16', '17', '18', '19']",13,producto final
SCLFEZPEK,Reserva vuelo con escala SCLFEZPEK,Reserva de vuelo entre SCL y PEK con escala en FEZ. Requiere un vuelo SCLFEZ y un vuelo FEZPEK,1799,2,19,1,-,1,17,"['2', '4', '6', '8', '10', '12', '1', '3', '5', '7', '9', '11']",12,producto final
IADSCLCDG,Reserva vuelo con escala IADSCLCDG,Reserva de vuelo entre IAD y CDG con escala en SCL. Requiere un vuelo IADSCL y un vuelo SCLCDG,1771,2,20,1,-,1,17,"['13', '14', '15', '16', '17', '18', '19', '1', '3', '5', '7', '9', '11']",13,producto final
IADSCLMEL,Reserva vuelo con escala IADSCLMEL,Reserva de vuelo entre IAD y MEL con escala en SCL. Requiere un vuelo IADSCL y un vuelo SCLMEL,1741,2,20,1,-,1,17,"['13', '14', '15', '16', '17', '18', '19', '13', '14', '15', '16', '17', '18', '19']",14,producto final
IADSCLPEK,Reserva vuelo con escala IADSCLPEK,Reserva de vuelo entre IAD y PEK con escala en SCL. Requiere un vuelo IADSCL y un vuelo SCLPEK,2434,2,17,1,-,1,24,"['13', '14', '15', '16', '17', '18', '19', '1', '3', '5', '7', '9', '11']",13,producto final
IADSCLFEZ,Reserva vuelo con escala IADSCLFEZ,Reserva de vuelo entre IAD y FEZ con escala en SCL. Requiere un vuelo IADSCL y un vuelo SCLFEZ,1635,2,21,1,-,1,16,"['13', '14', '15', '16', '17', '18', '19', '2', '4', '6', '8', '10', '12']",13,producto final
IADCDGSCL,Reserva vuelo con escala IADCDGSCL,Reserva de vuelo entre IAD y SCL con escala en CDG. Requiere un vuelo IADCDG y un vuelo CDGSCL,1607,2,24,1,-,1,15,"['1', '3', '5', '7', '9', '11', '13', '14', '15', '16', '17', '18', '19']",13,producto final
IADCDGMEL,Reserva vuelo con escala IADCDGMEL,Reserva de vuelo entre IAD y MEL con escala en CDG. Requiere un vuelo IADCDG y un vuelo CDGMEL,2066,2,21,1,-,1,20,"['1', '3', '5', '7', '9', '11', '13', '14', '15', '16', '17', '18', '19']",13,producto final
IADCDGPEK,Reserva vuelo con escala IADCDGPEK,Reserva de vuelo entre IAD y PEK con escala en CDG. Requiere un vuelo IADCDG y un vuelo CDGPEK,1298,2,28,1,-,1,12,"['1', '3', '5', '7', '9', '11', '1', '3', '5', '7', '9', '11']",12,producto final
IADCDGFEZ,Reserva vuelo con escala IADCDGFEZ,Reserva de vuelo entre IAD y FEZ con escala en CDG. Requiere un vuelo IADCDG y un vuelo CDGFEZ,719,2,71,1,-,1,6,"['1', '3', '5', '7', '9', '11', '2', '4', '6', '8', '10', '12']",12,producto final
IADMELSCL,Reserva vuelo con escala IADMELSCL,Reserva de vuelo entre IAD y SCL con escala en MEL. Requiere un vuelo IADMEL y un vuelo MELSCL,2489,2,14,1,-,1,24,"['13', '14', '15', '16', '17', '18', '19', '13', '14', '15', '16', '17', '18', '19']",14,producto final
IADMELCDG,Reserva vuelo con escala IADMELCDG,Reserva de vuelo entre IAD y CDG con escala en MEL. Requiere un vuelo IADMEL y un vuelo MELCDG,2978,2,11,1,-,1,29,"['13', '14', '15', '16', '17', '18', '19', '1', '3', '5', '7', '9', '11']",13,producto final
IADMELPEK,Reserva vuelo con escala IADMELPEK,Reserva de vuelo entre IAD y PEK con escala en MEL. Requiere un vuelo IADMEL y un vuelo MELPEK,2288,2,17,1,-,1,22,"['13', '14', '15', '16', '17', '18', '19', '1', '3', '5', '7', '9', '11']",13,producto final
IADMELFEZ,Reserva vuelo con escala IADMELFEZ,Reserva de vuelo entre IAD y FEZ con escala en MEL. Requiere un vuelo IADMEL y un vuelo MELFEZ,3026,2,11,1,-,1,29,"['13', '14', '15', '16', '17', '18', '19', '2', '4', '6', '8', '10', '12']",13,producto final
IADPEKSCL,Reserva vuelo con escala IADPEKSCL,Reserva de vuelo entre IAD y SCL con escala en PEK. Requiere un vuelo IADPEK y un vuelo PEKSCL,2713,2,13,1,-,1,27,"['1', '3', '5', '7', '9', '11', '13', '14', '15', '16', '17', '18', '19']",13,producto final
IADPEKCDG,Reserva vuelo con escala IADPEKCDG,Reserva de vuelo entre IAD y CDG con escala en PEK. Requiere un vuelo IADPEK y un vuelo PEKCDG,1741,2,20,1,-,1,17,"['1', '3', '5', '7', '9', '11', '1', '3', '5', '7', '9', '11']",12,producto final
IADPEKMEL,Reserva vuelo con escala IADPEKMEL,Reserva de vuelo entre IAD y MEL con escala en PEK. Requiere un vuelo IADPEK y un vuelo PEKMEL,1819,2,19,1,-,1,18,"['1', '3', '5', '7', '9', '11', '13', '14', '15', '16', '17', '18', '19']",13,producto final
IADPEKFEZ,Reserva vuelo con escala IADPEKFEZ,Reserva de vuelo entre IAD y FEZ con escala en PEK. Requiere un vuelo IADPEK y un vuelo PEKFEZ,1889,2,18,1,-,1,18,"['1', '3', '5', '7', '9', '11', '2', '4', '6', '8', '10', '12']",12,producto final
IADFEZSCL,Reserva vuelo con escala IADFEZSCL,Reserva de vuelo entre IAD y SCL con escala en FEZ. Requiere un vuelo IADFEZ y un vuelo FEZSCL,1483,2,24,1,-,1,14,"['2', '4', '6', '8', '10', '12', '13', '14', '15', '16', '17', '18', '19']",13,producto final
IADFEZCDG,Reserva vuelo con escala IADFEZCDG,Reserva de vuelo entre IAD y CDG con escala en FEZ. Requiere un vuelo IADFEZ y un vuelo FEZCDG,731,2,70,1,-,1,6,"['2', '4', '6', '8', '10', '12', '1', '3', '5', '7', '9', '11']",12,producto final
IADFEZMEL,Reserva vuelo con escala IADFEZMEL,Reserva de vuelo entre IAD y MEL con escala en FEZ. Requiere un vuelo IADFEZ y un vuelo FEZMEL,2126,2,20,1,-,1,20,"['2', '4', '6', '8', '10', '12', '13', '14', '15', '16', '17', '18', '19']",13,producto final
IADFEZPEK,Reserva vuelo con escala IADFEZPEK,Reserva de vuelo entre IAD y PEK con escala en FEZ. Requiere un vuelo IADFEZ y un vuelo FEZPEK,1458,2,25,1,-,1,13,"['2', '4', '6', '8', '10', '12', '1', '3', '5', '7', '9', '11']",12,producto final
CDGSCLIAD,Reserva vuelo con escala CDGSCLIAD,Reserva de vuelo entre CDG y IAD con escala en SCL. Requiere un vuelo CDGSCL y un vuelo SCLIAD,1771,2,20,1,-,1,17,"['13', '14', '15', '16', '17', '18', '19', '2', '4', '6', '8', '10', '12']",13,producto final
CDGSCLMEL,Reserva vuelo con escala CDGSCLMEL,Reserva de vuelo entre CDG y MEL con escala en SCL. Requiere un vuelo CDGSCL y un vuelo SCLMEL,2066,2,16,1,-,1,20,"['13', '14', '15', '16', '17', '18', '19', '13', '14', '15', '16', '17', '18', '19']",14,producto final
CDGSCLPEK,Reserva vuelo con escala CDGSCLPEK,Reserva de vuelo entre CDG y PEK con escala en SCL. Requiere un vuelo CDGSCL y un vuelo SCLPEK,2759,2,13,1,-,1,27,"['13', '14', '15', '16', '17', '18', '19', '1', '3', '5', '7', '9', '11']",13,producto final
CDGSCLFEZ,Reserva vuelo con escala CDGSCLFEZ,Reserva de vuelo entre CDG y FEZ con escala en SCL. Requiere un vuelo CDGSCL y un vuelo SCLFEZ,1960,2,17,1,-,1,19,"['13', '14', '15', '16', '17', '18', '19', '2', '4', '6', '8', '10', '12']",13,producto final
CDGIADSCL,Reserva vuelo con escala CDGIADSCL,Reserva de vuelo entre CDG y SCL con escala en IAD. Requiere un vuelo CDGIAD y un vuelo IADSCL,1282,2,28,1,-,1,12,"['2', '4', '6', '8', '10', '12', '13', '14', '15', '16', '17', '18', '19']",13,producto final
CDGIADMEL,Reserva vuelo con escala CDGIADMEL,Reserva de vuelo entre CDG y MEL con escala en IAD. Requiere un vuelo CDGIAD y un vuelo IADMEL,2030,2,22,1,-,1,19,"['2', '4', '6', '8', '10', '12', '13', '14', '15', '16', '17', '18', '19']",13,producto final
CDGIADPEK,Reserva vuelo con escala CDGIADPEK,Reserva de vuelo entre CDG y PEK con escala en IAD. Requiere un vuelo CDGIAD y un vuelo IADPEK,1561,2,24,1,-,1,15,"['2', '4', '6', '8', '10', '12', '1', '3', '5', '7', '9', '11']",12,producto final
CDGIADFEZ,Reserva vuelo con escala CDGIADFEZ,Reserva de vuelo entre CDG y FEZ con escala en IAD. Requiere un vuelo CDGIAD y un vuelo IADFEZ,1130,2,31,1,-,1,10,"['2', '4', '6', '8', '10', '12', '2', '4', '6', '8', '10', '12']",12,producto final
CDGMELSCL,Reserva vuelo con escala CDGMELSCL,Reserva de vuelo entre CDG y SCL con escala en MEL. Requiere un vuelo CDGMEL y un vuelo MELSCL,2525,2,13,1,-,1,25,"['13', '14', '15', '16', '17', '18', '19', '13', '14', '15', '16', '17', '18', '19']",14,producto final
CDGMELIAD,Reserva vuelo con escala CDGMELIAD,Reserva de vuelo entre CDG y IAD con escala en MEL. Requiere un vuelo CDGMEL y un vuelo MELIAD,2978,2,11,1,-,1,29,"['13', '14', '15', '16', '17', '18', '19', '2', '4', '6', '8', '10', '12']",13,producto final
CDGMELPEK,Reserva vuelo con escala CDGMELPEK,Reserva de vuelo entre CDG y PEK con escala en MEL. Requiere un vuelo CDGMEL y un vuelo MELPEK,2324,2,16,1,-,1,23,"['13', '14', '15', '16', '17', '18', '19', '1', '3', '5', '7', '9', '11']",13,producto final
CDGMELFEZ,Reserva vuelo con escala CDGMELFEZ,Reserva de vuelo entre CDG y FEZ con escala en MEL. Requiere un vuelo CDGMEL y un vuelo MELFEZ,3062,2,10,1,-,1,30,"['13', '14', '15', '16', '17', '18', '19', '2', '4', '6', '8', '10', '12']",13,producto final
CDGPEKSCL,Reserva vuelo con escala CDGPEKSCL,Reserva de vuelo entre CDG y SCL con escala en PEK. Requiere un vuelo CDGPEK y un vuelo PEKSCL,2450,2,17,1,-,1,24,"['1', '3', '5', '7', '9', '11', '13', '14', '15', '16', '17', '18', '19']",13,producto final
CDGPEKIAD,Reserva vuelo con escala CDGPEKIAD,Reserva de vuelo entre CDG y IAD con escala en PEK. Requiere un vuelo CDGPEK y un vuelo PEKIAD,1741,2,20,1,-,1,17,"['1', '3', '5', '7', '9', '11', '2', '4', '6', '8', '10', '12']",12,producto final
CDGPEKMEL,Reserva vuelo con escala CDGPEKMEL,Reserva de vuelo entre CDG y MEL con escala en PEK. Requiere un vuelo CDGPEK y un vuelo PEKMEL,1556,2,23,1,-,1,15,"['1', '3', '5', '7', '9', '11', '13', '14', '15', '16', '17', '18', '19']",13,producto final
CDGPEKFEZ,Reserva vuelo con escala CDGPEKFEZ,Reserva de vuelo entre CDG y FEZ con escala en PEK. Requiere un vuelo CDGPEK y un vuelo PEKFEZ,1626,2,22,1,-,1,15,"['1', '3', '5', '7', '9', '11', '2', '4', '6', '8', '10', '12']",12,producto final
CDGFEZSCL,Reserva vuelo con escala CDGFEZSCL,Reserva de vuelo entre CDG y SCL con escala en FEZ. Requiere un vuelo CDGFEZ y un vuelo FEZSCL,1072,2,64,1,-,1,10,"['2', '4', '6', '8', '10', '12', '13', '14', '15', '16', '17', '18', '19']",13,producto final
CDGFEZIAD,Reserva vuelo con escala CDGFEZIAD,Reserva de vuelo entre CDG y IAD con escala en FEZ. Requiere un vuelo CDGFEZ y un vuelo FEZIAD,731,2,70,1,-,1,6,"['2', '4', '6', '8', '10', '12', '2', '4', '6', '8', '10', '12']",12,producto final
CDGFEZMEL,Reserva vuelo con escala CDGFEZMEL,Reserva de vuelo entre CDG y MEL con escala en FEZ. Requiere un vuelo CDGFEZ y un vuelo FEZMEL,1715,2,60,1,-,1,16,"['2', '4', '6', '8', '10', '12', '13', '14', '15', '16', '17', '18', '19']",13,producto final
CDGFEZPEK,Reserva vuelo con escala CDGFEZPEK,Reserva de vuelo entre CDG y PEK con escala en FEZ. Requiere un vuelo CDGFEZ y un vuelo FEZPEK,1047,2,65,1,-,1,9,"['2', '4', '6', '8', '10', '12', '1', '3', '5', '7', '9', '11']",12,producto final
MELSCLIAD,Reserva vuelo con escala MELSCLIAD,Reserva de vuelo entre MEL y IAD con escala en SCL. Requiere un vuelo MELSCL y un vuelo SCLIAD,1741,2,20,1,-,1,17,"['13', '14', '15', '16', '17', '18', '19', '2', '4', '6', '8', '10', '12']",13,producto final
MELSCLCDG,Reserva vuelo con escala MELSCLCDG,Reserva de vuelo entre MEL y CDG con escala en SCL. Requiere un vuelo MELSCL y un vuelo SCLCDG,2066,2,16,1,-,1,20,"['13', '14', '15', '16', '17', '18', '19', '1', '3', '5', '7', '9', '11']",13,producto final
MELSCLPEK,Reserva vuelo con escala MELSCLPEK,Reserva de vuelo entre MEL y PEK con escala en SCL. Requiere un vuelo MELSCL y un vuelo SCLPEK,2729,2,13,1,-,1,27,"['13', '14', '15', '16', '17', '18', '19', '1', '3', '5', '7', '9', '11']",13,producto final
MELSCLFEZ,Reserva vuelo con escala MELSCLFEZ,Reserva de vuelo entre MEL y FEZ con escala en SCL. Requiere un vuelo MELSCL y un vuelo SCLFEZ,1930,2,17,1,-,1,19,"['13', '14', '15', '16', '17', '18', '19', '2', '4', '6', '8', '10', '12']",13,producto final
MELIADSCL,Reserva vuelo con escala MELIADSCL,Reserva de vuelo entre MEL y SCL con escala en IAD. Requiere un vuelo MELIAD y un vuelo IADSCL,2194,2,18,1,-,1,21,"['2', '4', '6', '8', '10', '12', '13', '14', '15', '16', '17', '18', '19']",13,producto final
MELIADCDG,Reserva vuelo con escala MELIADCDG,Reserva de vuelo entre MEL y CDG con escala en IAD. Requiere un vuelo MELIAD y un vuelo IADCDG,2030,2,22,1,-,1,19,"['2', '4', '6', '8', '10', '12', '1', '3', '5', '7', '9', '11']",12,producto final
MELIADPEK,Reserva vuelo con escala MELIADPEK,Reserva de vuelo entre MEL y PEK con escala en IAD. Requiere un vuelo MELIAD y un vuelo IADPEK,2473,2,14,1,-,1,24,"['2', '4', '6', '8', '10', '12', '1', '3', '5', '7', '9', '11']",12,producto final
MELIADFEZ,Reserva vuelo con escala MELIADFEZ,Reserva de vuelo entre MEL y FEZ con escala en IAD. Requiere un vuelo MELIAD y un vuelo IADFEZ,2042,2,21,1,-,1,19,"['2', '4', '6', '8', '10', '12', '2', '4', '6', '8', '10', '12']",12,producto final
MELCDGSCL,Reserva vuelo con escala MELCDGSCL,Reserva de vuelo entre MEL y SCL con escala en CDG. Requiere un vuelo MELCDG y un vuelo CDGSCL,2555,2,13,1,-,1,25,"['1', '3', '5', '7', '9', '11', '13', '14', '15', '16', '17', '18', '19']",13,producto final
MELCDGIAD,Reserva vuelo con escala MELCDGIAD,Reserva de vuelo entre MEL y IAD con escala en CDG. Requiere un vuelo MELCDG y un vuelo CDGIAD,2066,2,21,1,-,1,20,"['1', '3', '5', '7', '9', '11', '2', '4', '6', '8', '10', '12']",12,producto final
MELCDGPEK,Reserva vuelo con escala MELCDGPEK,Reserva de vuelo entre MEL y PEK con escala en CDG. Requiere un vuelo MELCDG y un vuelo CDGPEK,2246,2,17,1,-,1,22,"['1', '3', '5', '7', '9', '11', '1', '3', '5', '7', '9', '11']",12,producto final
MELCDGFEZ,Reserva vuelo con escala MELCDGFEZ,Reserva de vuelo entre MEL y FEZ con escala en CDG. Requiere un vuelo MELCDG y un vuelo CDGFEZ,1667,2,60,1,-,1,16,"['1', '3', '5', '7', '9', '11', '2', '4', '6', '8', '10', '12']",12,producto final
MELPEKSCL,Reserva vuelo con escala MELPEKSCL,Reserva de vuelo entre MEL y SCL con escala en PEK. Requiere un vuelo MELPEK y un vuelo PEKSCL,2528,2,16,1,-,1,25,"['1', '3', '5', '7', '9', '11', '13', '14', '15', '16', '17', '18', '19']",13,producto final
MELPEKIAD,Reserva vuelo con escala MELPEKIAD,Reserva de vuelo entre MEL y IAD con escala en PEK. Requiere un vuelo MELPEK y un vuelo PEKIAD,1819,2,19,1,-,1,18,"['1', '3', '5', '7', '9', '11', '2', '4', '6', '8', '10', '12']",12,producto final
MELPEKCDG,Reserva vuelo con escala MELPEKCDG,Reserva de vuelo entre MEL y CDG con escala en PEK. Requiere un vuelo MELPEK y un vuelo PEKCDG,1556,2,23,1,-,1,15,"['1', '3', '5', '7', '9', '11', '1', '3', '5', '7', '9', '11']",12,producto final
MELPEKFEZ,Reserva vuelo con escala MELPEKFEZ,Reserva de vuelo entre MEL y FEZ con escala en PEK. Requiere un vuelo MELPEK y un vuelo PEKFEZ,1704,2,21,1,-,1,16,"['1', '3', '5', '7', '9', '11', '2', '4', '6', '8', '10', '12']",12,producto final
MELFEZSCL,Reserva vuelo con escala MELFEZSCL,Reserva de vuelo entre MEL y SCL con escala en FEZ. Requiere un vuelo MELFEZ y un vuelo FEZSCL,2467,2,14,1,-,1,24,"['2', '4', '6', '8', '10', '12', '13', '14', '15', '16', '17', '18', '19']",13,producto final
MELFEZIAD,Reserva vuelo con escala MELFEZIAD,Reserva de vuelo entre MEL y IAD con escala en FEZ. Requiere un vuelo MELFEZ y un vuelo FEZIAD,2126,2,20,1,-,1,20,"['2', '4', '6', '8', '10', '12', '2', '4', '6', '8', '10', '12']",12,producto final
MELFEZCDG,Reserva vuelo con escala MELFEZCDG,Reserva de vuelo entre MEL y CDG con escala en FEZ. Requiere un vuelo MELFEZ y un vuelo FEZCDG,1715,2,60,1,-,1,16,"['2', '4', '6', '8', '10', '12', '1', '3', '5', '7', '9', '11']",12,producto final
MELFEZPEK,Reserva vuelo con escala MELFEZPEK,Reserva de vuelo entre MEL y PEK con escala en FEZ. Requiere un vuelo MELFEZ y un vuelo FEZPEK,2442,2,15,1,-,1,23,"['2', '4', '6', '8', '10', '12', '1', '3', '5', '7', '9', '11']",12,producto final
PEKSCLIAD,Reserva vuelo con escala PEKSCLIAD,Reserva de vuelo entre PEK y IAD con escala en SCL. Requiere un vuelo PEKSCL y un vuelo SCLIAD,2434,2,17,1,-,1,24,"['13', '14', '15', '16', '17', '18', '19', '2', '4', '6', '8', '10', '12']",13,producto final
PEKSCLCDG,Reserva vuelo con escala PEKSCLCDG,Reserva de vuelo entre PEK y CDG con escala en SCL. Requiere un vuelo PEKSCL y un vuelo SCLCDG,2759,2,13,1,-,1,27,"['13', '14', '15', '16', '17', '18', '19', '1', '3', '5', '7', '9', '11']",13,producto final
PEKSCLMEL,Reserva vuelo con escala PEKSCLMEL,Reserva de vuelo entre PEK y MEL con escala en SCL. Requiere un vuelo PEKSCL y un vuelo SCLMEL,2729,2,13,1,-,1,27,"['13', '14', '15', '16', '17', '18', '19', '13', '14', '15', '16', '17', '18', '19']",14,producto final
PEKSCLFEZ,Reserva vuelo con escala PEKSCLFEZ,Reserva de vuelo entre PEK y FEZ con escala en SCL. Requiere un vuelo PEKSCL y un vuelo SCLFEZ,2623,2,14,1,-,1,26,"['13', '14', '15', '16', '17', '18', '19', '2', '4', '6', '8', '10', '12']",13,producto final
PEKIADSCL,Reserva vuelo con escala PEKIADSCL,Reserva de vuelo entre PEK y SCL con escala en IAD. Requiere un vuelo PEKIAD y un vuelo IADSCL,1725,2,20,1,-,1,17,"['2', '4', '6', '8', '10', '12', '13', '14', '15', '16', '17', '18', '19']",13,producto final
PEKIADCDG,Reserva vuelo con escala PEKIADCDG,Reserva de vuelo entre PEK y CDG con escala en IAD. Requiere un vuelo PEKIAD y un vuelo IADCDG,1561,2,24,1,-,1,15,"['2', '4', '6', '8', '10', '12', '1', '3', '5', '7', '9', '11']",12,producto final
PEKIADMEL,Reserva vuelo con escala PEKIADMEL,Reserva de vuelo entre PEK y MEL con escala en IAD. Requiere un vuelo PEKIAD y un vuelo IADMEL,2473,2,14,1,-,1,24,"['2', '4', '6', '8', '10', '12', '13', '14', '15', '16', '17', '18', '19']",13,producto final
PEKIADFEZ,Reserva vuelo con escala PEKIADFEZ,Reserva de vuelo entre PEK y FEZ con escala en IAD. Requiere un vuelo PEKIAD y un vuelo IADFEZ,1573,2,23,1,-,1,15,"['2', '4', '6', '8', '10', '12', '2', '4', '6', '8', '10', '12']",12,producto final
PEKCDGSCL,Reserva vuelo con escala PEKCDGSCL,Reserva de vuelo entre PEK y SCL con escala en CDG. Requiere un vuelo PEKCDG y un vuelo CDGSCL,1787,2,20,1,-,1,17,"['1', '3', '5', '7', '9', '11', '13', '14', '15', '16', '17', '18', '19']",13,producto final
PEKCDGIAD,Reserva vuelo con escala PEKCDGIAD,Reserva de vuelo entre PEK y IAD con escala en CDG. Requiere un vuelo PEKCDG y un vuelo CDGIAD,1298,2,28,1,-,1,12,"['1', '3', '5', '7', '9', '11', '2', '4', '6', '8', '10', '12']",12,producto final
PEKCDGMEL,Reserva vuelo con escala PEKCDGMEL,Reserva de vuelo entre PEK y MEL con escala en CDG. Requiere un vuelo PEKCDG y un vuelo CDGMEL,2246,2,17,1,-,1,22,"['1', '3', '5', '7', '9', '11', '13', '14', '15', '16', '17', '18', '19']",13,producto final
PEKCDGFEZ,Reserva vuelo con escala PEKCDGFEZ,Reserva de vuelo entre PEK y FEZ con escala en CDG. Requiere un vuelo PEKCDG y un vuelo CDGFEZ,899,2,67,1,-,1,8,"['1', '3', '5', '7', '9', '11', '2', '4', '6', '8', '10', '12']",12,producto final
PEKMELSCL,Reserva vuelo con escala PEKMELSCL,Reserva de vuelo entre PEK y SCL con escala en MEL. Requiere un vuelo PEKMEL y un vuelo MELSCL,1835,2,19,1,-,1,18,"['13', '14', '15', '16', '17', '18', '19', '13', '14', '15', '16', '17', '18', '19']",14,producto final
PEKMELIAD,Reserva vuelo con escala PEKMELIAD,Reserva de vuelo entre PEK y IAD con escala en MEL. Requiere un vuelo PEKMEL y un vuelo MELIAD,2288,2,17,1,-,1,22,"['13', '14', '15', '16', '17', '18', '19', '2', '4', '6', '8', '10', '12']",13,producto final
PEKMELCDG,Reserva vuelo con escala PEKMELCDG,Reserva de vuelo entre PEK y CDG con escala en MEL. Requiere un vuelo PEKMEL y un vuelo MELCDG,2324,2,16,1,-,1,23,"['13', '14', '15', '16', '17', '18', '19', '1', '3', '5', '7', '9', '11']",13,producto final
PEKMELFEZ,Reserva vuelo con escala PEKMELFEZ,Reserva de vuelo entre PEK y FEZ con escala en MEL. Requiere un vuelo PEKMEL y un vuelo MELFEZ,2372,2,16,1,-,1,23,"['13', '14', '15', '16', '17', '18', '19', '2', '4', '6', '8', '10', '12']",13,producto final
PEKFEZSCL,Reserva vuelo con escala PEKFEZSCL,Reserva de vuelo entre PEK y SCL con escala en FEZ. Requiere un vuelo PEKFEZ y un vuelo FEZSCL,1799,2,19,1,-,1,17,"['2', '4', '6', '8', '10', '12', '13', '14', '15', '16', '17', '18', '19']",13,producto final
PEKFEZIAD,Reserva vuelo con escala PEKFEZIAD,Reserva de vuelo entre PEK y IAD con escala en FEZ. Requiere un vuelo PEKFEZ y un vuelo FEZIAD,1458,2,25,1,-,1,13,"['2', '4', '6', '8', '10', '12', '2', '4', '6', '8', '10', '12']",12,producto final
PEKFEZCDG,Reserva vuelo con escala PEKFEZCDG,Reserva de vuelo entre PEK y CDG con escala en FEZ. Requiere un vuelo PEKFEZ y un vuelo FEZCDG,1047,2,65,1,-,1,9,"['2', '4', '6', '8', '10', '12', '1', '3', '5', '7', '9', '11']",12,producto final
PEKFEZMEL,Reserva vuelo con escala PEKFEZMEL,Reserva de vuelo entre PEK y MEL con escala en FEZ. Requiere un vuelo PEKFEZ y un vuelo FEZMEL,2442,2,15,1,-,1,23,"['2', '4', '6', '8', '10', '12', '13', '14', '15', '16', '17', '18', '19']",13,producto final
FEZSCLIAD,Reserva vuelo con escala FEZSCLIAD,Reserva de vuelo entre FEZ y IAD con escala en SCL. Requiere un vuelo FEZSCL y un vuelo SCLIAD,1635,2,21,1,-,1,16,"['13', '14', '15', '16', '17', '18', '19', '2', '4', '6', '8', '10', '12']",13,producto final
FEZSCLCDG,Reserva vuelo con escala FEZSCLCDG,Reserva de vuelo entre FEZ y CDG con escala en SCL. Requiere un vuelo FEZSCL y un vuelo SCLCDG,1960,2,17,1,-,1,19,"['13', '14', '15', '16', '17', '18', '19', '1', '3', '5', '7', '9', '11']",13,producto final
FEZSCLMEL,Reserva vuelo con escala FEZSCLMEL,Reserva de vuelo entre FEZ y MEL con escala en SCL. Requiere un vuelo FEZSCL y un vuelo SCLMEL,1930,2,17,1,-,1,19,"['13', '14', '15', '16', '17', '18', '19', '13', '14', '15', '16', '17', '18', '19']",14,producto final
FEZSCLPEK,Reserva vuelo con escala FEZSCLPEK,Reserva de vuelo entre FEZ y PEK con escala en SCL. Requiere un vuelo FEZSCL y un vuelo SCLPEK,2623,2,14,1,-,1,26,"['13', '14', '15', '16', '17', '18', '19', '1', '3', '5', '7', '9', '11']",13,producto final
FEZIADSCL,Reserva vuelo con escala FEZIADSCL,Reserva de vuelo entre FEZ y SCL con escala en IAD. Requiere un vuelo FEZIAD y un vuelo IADSCL,1294,2,27,1,-,1,12,"['2', '4', '6', '8', '10', '12', '13', '14', '15', '16', '17', '18', '19']",13,producto final
FEZIADCDG,Reserva vuelo con escala FEZIADCDG,Reserva de vuelo entre FEZ y CDG con escala en IAD. Requiere un vuelo FEZIAD y un vuelo IADCDG,1130,2,31,1,-,1,10,"['2', '4', '6', '8', '10', '12', '1', '3', '5', '7', '9', '11']",12,producto final
FEZIADMEL,Reserva vuelo con escala FEZIADMEL,Reserva de vuelo entre FEZ y MEL con escala en IAD. Requiere un vuelo FEZIAD y un vuelo IADMEL,2042,2,21,1,-,1,19,"['2', '4', '6', '8', '10', '12', '13', '14', '15', '16', '17', '18', '19']",13,producto final
FEZIADPEK,Reserva vuelo con escala FEZIADPEK,Reserva de vuelo entre FEZ y PEK con escala en IAD. Requiere un vuelo FEZIAD y un vuelo IADPEK,1573,2,23,1,-,1,15,"['2', '4', '6', '8', '10', '12', '1', '3', '5', '7', '9', '11']",12,producto final
FEZCDGSCL,Reserva vuelo con escala FEZCDGSCL,Reserva de vuelo entre FEZ y SCL con escala en CDG. Requiere un vuelo FEZCDG y un vuelo CDGSCL,1208,2,63,1,-,1,11,"['1', '3', '5', '7', '9', '11', '13', '14', '15', '16', '17', '18', '19']",13,producto final
FEZCDGIAD,Reserva vuelo con escala FEZCDGIAD,Reserva de vuelo entre FEZ y IAD con escala en CDG. Requiere un vuelo FEZCDG y un vuelo CDGIAD,719,2,71,1,-,1,6,"['1', '3', '5', '7', '9', '11', '2', '4', '6', '8', '10', '12']",12,producto final
FEZCDGMEL,Reserva vuelo con escala FEZCDGMEL,Reserva de vuelo entre FEZ y MEL con escala en CDG. Requiere un vuelo FEZCDG y un vuelo CDGMEL,1667,2,60,1,-,1,16,"['1', '3', '5', '7', '9', '11', '13', '14', '15', '16', '17', '18', '19']",13,producto final
FEZCDGPEK,Reserva vuelo con escala FEZCDGPEK,Reserva de vuelo entre FEZ y PEK con escala en CDG. Requiere un vuelo FEZCDG y un vuelo CDGPEK,899,2,67,1,-,1,8,"['1', '3', '5', '7', '9', '11', '1', '3', '5', '7', '9', '11']",12,producto final
FEZMELSCL,Reserva vuelo con escala FEZMELSCL,Reserva de vuelo entre FEZ y SCL con escala en MEL. Requiere un vuelo FEZMEL y un vuelo MELSCL,2573,2,13,1,-,1,25,"['13', '14', '15', '16', '17', '18', '19', '13', '14', '15', '16', '17', '18', '19']",14,producto final
FEZMELIAD,Reserva vuelo con escala FEZMELIAD,Reserva de vuelo entre FEZ y IAD con escala en MEL. Requiere un vuelo FEZMEL y un vuelo MELIAD,3026,2,11,1,-,1,29,"['13', '14', '15', '16', '17', '18', '19', '2', '4', '6', '8', '10', '12']",13,producto final
FEZMELCDG,Reserva vuelo con escala FEZMELCDG,Reserva de vuelo entre FEZ y CDG con escala en MEL. Requiere un vuelo FEZMEL y un vuelo MELCDG,3062,2,10,1,-,1,30,"['13', '14', '15', '16', '17', '18', '19', '1', '3', '5', '7', '9', '11']",13,producto final
FEZMELPEK,Reserva vuelo con escala FEZMELPEK,Reserva de vuelo entre FEZ y PEK con escala en MEL. Requiere un vuelo FEZMEL y un vuelo MELPEK,2372,2,16,1,-,1,23,"['13', '14', '15', '16', '17', '18', '19', '1', '3', '5', '7', '9', '11']",13,producto final
FEZPEKSCL,Reserva vuelo con escala FEZPEKSCL,Reserva de vuelo entre FEZ y SCL con escala en PEK. Requiere un vuelo FEZPEK y un vuelo PEKSCL,2598,2,15,1,-,1,25,"['1', '3', '5', '7', '9', '11', '13', '14', '15', '16', '17', '18', '19']",13,producto final
FEZPEKIAD,Reserva vuelo con escala FEZPEKIAD,Reserva de vuelo entre FEZ y IAD con escala en PEK. Requiere un vuelo FEZPEK y un vuelo PEKIAD,1889,2,18,1,-,1,18,"['1', '3', '5', '7', '9', '11', '2', '4', '6', '8', '10', '12']",12,producto final
FEZPEKCDG,Reserva vuelo con escala FEZPEKCDG,Reserva de vuelo entre FEZ y CDG con escala en PEK. Requiere un vuelo FEZPEK y un vuelo PEKCDG,1626,2,22,1,-,1,15,"['1', '3', '5', '7', '9', '11', '1', '3', '5', '7', '9', '11']",12,producto final
FEZPEKMEL,Reserva vuelo con escala FEZPEKMEL,Reserva de vuelo entre FEZ y MEL con escala en PEK. Requiere un vuelo FEZPEK y un vuelo PEKMEL,1704,2,21,1,-,1,16,"['1', '3', '5', '7', '9', '11', '13', '14', '15', '16', '17', '18', '19']",13,producto final